{
    "epoch": 79,
    "test_acc": [
        0.3860613810741688,
        0.47340153452685424,
        0.568542199488491,
        0.6520460358056266,
        0.7159846547314578,
        0.7734015345268542,
        0.7612531969309463,
        0.7856777493606139,
        0.7774936061381074,
        0.8067774936061382,
        0.7260869565217392,
        0.7838874680306905,
        0.8227621483375959,
        0.8222506393861893,
        0.8136828644501278,
        0.8089514066496164,
        0.8297953964194373,
        0.8634271099744245,
        0.8707161125319693,
        0.8822250639386189,
        0.8638107416879796,
        0.8398976982097187,
        0.8755754475703325,
        0.8806905370843989,
        0.8781329923273657,
        0.891687979539642,
        0.8703324808184143,
        0.8594629156010231,
        0.881074168797954,
        0.8951406649616368,
        0.8856777493606138,
        0.8997442455242967,
        0.8852941176470588,
        0.8823529411764706,
        0.8950127877237851,
        0.8664961636828644,
        0.8863171355498721,
        0.8658567774936061,
        0.8920716112531969,
        0.889769820971867,
        0.8447570332480818,
        0.8838874680306905,
        0.8955242966751918,
        0.8859335038363171,
        0.8927109974424552,
        0.8622762148337596,
        0.8786445012787724,
        0.8870843989769821,
        0.8831202046035805,
        0.8914322250639386,
        0.8453964194373401,
        0.8762148337595907,
        0.8979539641943735,
        0.9002557544757033,
        0.9074168797953964,
        0.8732736572890025,
        0.9028132992327366,
        0.8855498721227621,
        0.9016624040920717,
        0.8997442455242967,
        0.9026854219948849,
        0.8984654731457801,
        0.9014066496163683,
        0.9020460358056266,
        0.9076726342710998,
        0.8842710997442456,
        0.9043478260869565,
        0.889002557544757,
        0.8998721227621483,
        0.8566496163682864,
        0.8945012787723785,
        0.897314578005115,
        0.9069053708439898,
        0.8956521739130435,
        0.8927109974424552,
        0.8780051150895141,
        0.869693094629156,
        0.8717391304347826,
        0.8643222506393862,
        0.8991048593350384
    ],
    "test_loss": [
        1.6941967010498047,
        1.413282746777815,
        1.2300743241520489,
        1.0186388185795616,
        0.8052589972229565,
        0.6959069020607892,
        0.6545220179592862,
        0.5863275900483131,
        0.5774378241861567,
        0.5302328051013105,
        0.8679919847670723,
        0.6133233887307784,
        0.5330383909099242,
        0.5709917242912685,
        0.5444423876264516,
        0.5323077063350117,
        0.4967346903594101,
        0.4001205657773158,
        0.3681556407143088,
        0.3345503132132923,
        0.42683300638900085,
        0.4592500037568457,
        0.35102029122850475,
        0.34043378623969417,
        0.35698582341565804,
        0.3133265166817343,
        0.36764419714317603,
        0.4082748420974788,
        0.3464647836106665,
        0.3021334641996552,
        0.34193275901762876,
        0.2912965695209363,
        0.3407611415228423,
        0.34141917526721954,
        0.31408849818741574,
        0.4057917531360598,
        0.36029354088446675,
        0.41712552550084453,
        0.33051284545046444,
        0.334898144883268,
        0.4874957107445773,
        0.3422568205963163,
        0.32231982074239673,
        0.32411665162619424,
        0.33481639316853357,
        0.43111707752241807,
        0.3802726919598439,
        0.3482595243874718,
        0.3684794045984745,
        0.3503421111141934,
        0.47689756904454794,
        0.43856004187289405,
        0.3392842488692087,
        0.37621956844540205,
        0.3219831580405726,
        0.4732762347249424,
        0.32707333236056213,
        0.3794022645143902,
        0.35445414867032976,
        0.3346128492232631,
        0.34618619588368077,
        0.3812798371209818,
        0.35725006658364744,
        0.40792761217145357,
        0.36428572500453277,
        0.46748057424145584,
        0.36997203978107257,
        0.4077695794403553,
        0.4040851356352077,
        0.5517700842636473,
        0.46853991028140574,
        0.3906759590129642,
        0.38165930340833526,
        0.4145576044478837,
        0.4339598141172353,
        0.5431482366779271,
        0.6054621858193594,
        0.6075730393914616,
        0.5816612491274581,
        0.40753378346562386
    ],
    "train_loss": [
        1.826199992614634,
        1.5579509384491865,
        1.3277928057838888,
        1.1492610468583948,
        0.9276555724003736,
        0.7631941420190475,
        0.6498804372899672,
        0.587474809411694,
        0.544483536744819,
        0.5106695272466716,
        0.48976775521741195,
        0.4548078871825162,
        0.44559210275902467,
        0.4194487832924899,
        0.40714043466483846,
        0.3901485848952742,
        0.3770808058188242,
        0.3520677920211764,
        0.3344503982978709,
        0.31735584534266414,
        0.30753152795574246,
        0.30266259281950836,
        0.2929159453248276,
        0.28656001695815253,
        0.2640054938109482,
        0.2598270363010028,
        0.2505674537490396,
        0.24568976878243334,
        0.2431361524059492,
        0.23904529104337974,
        0.2260390775387778,
        0.2175775353303727,
        0.20651827884071014,
        0.2069938584943028,
        0.1934815933380057,
        0.19195803868419983,
        0.18418305575409355,
        0.18580856086576686,
        0.17852679629097967,
        0.18493566804510705,
        0.18375280652852619,
        0.17664210388765617,
        0.17616673153551185,
        0.16857664396657662,
        0.16199297490803635,
        0.1510674771578873,
        0.16028491374762618,
        0.15404618339722648,
        0.13661601821727612,
        0.13583267967709722,
        0.13400652182891087,
        0.12695811935426557,
        0.12378869633025982,
        0.12411187857608585,
        0.12153887951417881,
        0.11661709390361519,
        0.10970952706959318,
        0.10776158225010424,
        0.10281199540066369,
        0.1005824633380946,
        0.09917867298731033,
        0.09451699684209683,
        0.09425465154516346,
        0.09052921834347002,
        0.08508123591651812,
        0.08681707933325977,
        0.08809264727375087,
        0.07728377096902798,
        0.08336889094618313,
        0.08333722477340523,
        0.08863679344272789,
        0.09242369724875864,
        0.07940908880246912,
        0.07954263366649256,
        0.07616484332281877,
        0.07269402531742611,
        0.07131834188476205,
        0.07526747205787722,
        0.07800157392835792,
        0.07384552036905113
    ]
}